EMPLOYEE_ID,EMP_QUALIFICATION,EMP_FIRST_NAME,EMP_LAST_NAME,EMP_ADDRESS,EMP_EMAIL
20035,Professional Engineer License,Modesta,Swainger,249 Derek Circle,mswainger0@hao123.com
20036,Management Professional Certification ,Henrieta,Seaborne,42 Manley Center,hseaborne1@ocn.ne.jp
20037,FAA Airfield Safety Certification,Klarika,Jablonski,72291 Division Alley,kjablonski2@cargocollective.com
20038,Structural Engineering Certification,Northrup,Dunbleton,62766 North Terrace,ndunbleton3@fotki.com
20039,Handbag System Assessment Specialist,Jill,Burnitt,9 Banding Plaza,jburnitt4@nasa.gov
20040,Handbag System Assessment Specialist,Jocelin,Gaber,3 Nobel Crossing,jgaber5@nih.gov
20041,Structural Engineering Certification,Alvera,Robertet,6789 Stephen Park,arobertet6@pbs.org
20042,FAA Airfield Safety Certification,Dory,Glossop,492 Havey Street,dglossop7@lulu.com
20043,Management Professional Certification ,Griffith,Mitchinson,2 Eggendart Terrace,gmitchinson8@creativecommons.org
20044,Handbag System Assessment Specialist,Weston,Gooderson,65 Carpenter Avenue,wgooderson9@jalbum.net
20045,Structural Engineering Certification,Anastassia,Glauber,58598 Center Drive,aglaubera@intel.com
20046,Professional Engineer License,Bellanca,Pocklington,153 Eagle Crest Pass,bpocklingtonb@ask.com
20047,FAA Airfield Safety Certification,Fraze,Shrimplin,8912 Everett Crossing,fshrimplinc@google.de
20048,Structural Engineering Certification,Melamie,Gledhill,9 Thompson Crossing,mgledhilld@dmoz.org
20049,Handbag System Assessment Specialist,Grazia,Nichols,406 Gulseth Court,gnicholse@behance.net
20050,Professional Engineer License,Elaine,Turban,771 Marquette Hill,eturbanf@alexa.com
20051,Management Professional Certification ,Vina,Grimoldby,20068 Scofield Circle,vgrimoldbyg@godaddy.com
20052,Handbag System Assessment Specialist,Patsy,Jeanesson,28 Dennis Lane,pjeanessonh@msn.com
